gene,sequence_id,species,seq_length,gap_fraction,gc_content
COI,Papilio_machaon|LS975121.1|COI,Papilio_machaon,1512,0.0,0.2751
COI,Papilio_xuthus|NC_029244.1|COI,Papilio_xuthus,1512,0.0,0.2831
COI,Papilio_glaucus|NC_027252.1|COI,Papilio_glaucus,1512,0.0,0.2751
COI,Papilio_polytes|NC_024742.1|COI,Papilio_polytes,1512,0.0,0.2738
COI,Papilio_bianor|NC_018040.1|COI,Papilio_bianor,1512,0.0,0.2791
COI,Pieris_rapae|PX893061.1|COI,Pieris_rapae,1512,0.0,0.2844
COI,Pieris_napi|NC_061692.1|COI,Pieris_napi,1512,0.0,0.2837
COI,Gonepteryx_rhamni|NC_026046.1|COI,Gonepteryx_rhamni,1512,0.0,0.2837
COI,Aporia_crataegi|NC_018346.1|COI,Aporia_crataegi,1512,0.0,0.2705
COI,Eurema_hecabe|MZ202551.1|COI,Eurema_hecabe,1512,0.0,0.287
COI,Danaus_plexippus|NC_021452.1|COI,Danaus_plexippus,1512,0.0,0.2751
COI,Vanessa_indica|MZ147015.1|COI,Vanessa_indica,1512,0.0,0.2784
COI,Vanessa_cardui|PV364806.1|COI,Vanessa_cardui,1512,0.0,0.2698
COI,Junonia_almana|NC_024407.1|COI,Junonia_almana,1512,0.0,0.2817
COI,Melitaea_cinxia|HM243592.1|COI,Melitaea_cinxia,1512,0.0,0.2804
COI,Lycaena_phlaeas|MZ159973.1|COI,Lycaena_phlaeas,1512,0.0,0.2579
COI,Plebejus_argus|MN974526.1|COI,Plebejus_argus,1512,0.0,0.2665
COI,Curetis_bulis|NC_023088.1|COI,Curetis_bulis,1512,0.0,0.2698
COI,Ampittia_dioscorides|KM102732.1|COI,Ampittia_dioscorides,1512,0.0,0.2798
COI,Ochlodes_venata|NC_018048.1|COI,Ochlodes_venata,1512,0.0,0.2526
COI,Parnara_guttata|NC_029136.1|COI,Parnara_guttata,1512,0.0,0.2851
COI,Heteropterus_morpheus|NC_028506.1|COI,Heteropterus_morpheus,1512,0.0,0.2778
COI,Pyrgus_malvae|BK013352.1|COI,Pyrgus_malvae,1512,0.0,0.2659
COI,Celaenorrhinus_maculosus|NC_022853.1|COI,Celaenorrhinus_maculosus,1512,0.0,0.293
COI,Ctenoptilum_vasava|NC_016704.1|COI,Ctenoptilum_vasava,1512,0.0,0.2917
COI,Notocrypta_curvifascia|NC_042216.1|COI,Notocrypta_curvifascia,1512,0.0,0.2831
COII,Papilio_machaon|LC189137.1|COII,Papilio_machaon,614,0.0,0.202
COII,Papilio_xuthus|OP973782.1|COII,Papilio_xuthus,614,0.0,0.2752
COII,Papilio_glaucus|NC_027252.1|COII,Papilio_glaucus,614,0.0,0.2101
COII,Papilio_polytes|LC189134.1|COII,Papilio_polytes,614,0.0,0.2117
COII,Papilio_bianor|NC_018040.1|COII,Papilio_bianor,614,0.0,0.215
COII,Pieris_rapae|PX893061.1|COII,Pieris_rapae,614,0.0,0.2248
COII,Pieris_napi|NC_061692.1|COII,Pieris_napi,614,0.0,0.2134
COII,Gonepteryx_rhamni|KM669567.1|COII,Gonepteryx_rhamni,614,0.0,0.215
COII,Aporia_crataegi|NC_018346.1|COII,Aporia_crataegi,614,0.0,0.2068
COII,Eurema_hecabe|NC_022685.1|COII,Eurema_hecabe,614,0.0,0.2182
COII,Danaus_plexippus|NC_021452.1|COII,Danaus_plexippus,614,0.0,0.2117
COII,Vanessa_indica|NC_038157.1|COII,Vanessa_indica,614,0.0,0.2248
COII,Vanessa_cardui|PQ540662.1|COII,Vanessa_cardui,614,0.0,0.2231
COII,Junonia_almana|NC_024407.1|COII,Junonia_almana,614,0.0,0.2182
COII,Melitaea_cinxia|NC_018029.1|COII,Melitaea_cinxia,614,0.0,0.2345
COII,Lycaena_phlaeas|NC_023087.1|COII,Lycaena_phlaeas,614,0.0,0.1938
COII,Plebejus_argus|AY496812.1|COII,Plebejus_argus,614,0.0,0.2068
COII,Curetis_bulis|NC_023088.1|COII,Curetis_bulis,614,0.0,0.2052
COII,Ampittia_dioscorides|KM102732.1|COII,Ampittia_dioscorides,614,0.0,0.2134
COII,Ochlodes_venata|NC_018048.1|COII,Ochlodes_venata,614,0.0,0.2134
COII,Parnara_guttata|KM669607.1|COII,Parnara_guttata,614,0.0,0.2362
COII,Heteropterus_morpheus|NC_028506.1|COII,Heteropterus_morpheus,614,0.0,0.2117
COII,Pyrgus_malvae|BK013352.1|COII,Pyrgus_malvae,614,0.0,0.2036
COII,Celaenorrhinus_maculosus|OR024663.1|COII,Celaenorrhinus_maculosus,614,0.0,0.2182
COII,Ctenoptilum_vasava|NC_016704.1|COII,Ctenoptilum_vasava,614,0.0,0.215
COII,Notocrypta_curvifascia|NC_042216.1|COII,Notocrypta_curvifascia,614,0.0,0.228
CytB,Papilio_machaon|NC_018047.1|CytB,Papilio_machaon,1119,0.0,0.2449
CytB,Papilio_xuthus|MW548256.1|CytB,Papilio_xuthus,1119,0.0,0.2406
CytB,Papilio_glaucus|NC_027252.1|CytB,Papilio_glaucus,1119,0.0,0.2484
CytB,Papilio_polytes|NC_024742.1|CytB,Papilio_polytes,1119,0.0,0.2377
CytB,Papilio_bianor|MZ044412.1|CytB,Papilio_bianor,1119,0.0,0.2475
CytB,Pieris_rapae|PX893061.1|CytB,Pieris_rapae,1119,0.0,0.2466
CytB,Pieris_napi|NC_061692.1|CytB,Pieris_napi,1119,0.0,0.2395
CytB,Gonepteryx_rhamni|MF536894.1|CytB,Gonepteryx_rhamni,1119,0.0,0.2341
CytB,Aporia_crataegi|NC_018346.1|CytB,Aporia_crataegi,1119,0.0,0.2279
CytB,Eurema_hecabe|MZ202551.1|CytB,Eurema_hecabe,1119,0.0,0.2359
CytB,Danaus_plexippus|NC_021452.1|CytB,Danaus_plexippus,1119,0.0,0.2306
CytB,Vanessa_indica|NC_038157.1|CytB,Vanessa_indica,1119,0.0,0.2484
CytB,Vanessa_cardui|PQ540662.1|CytB,Vanessa_cardui,1119,0.0,0.2306
CytB,Junonia_almana|MZ196212.1|CytB,Junonia_almana,1119,0.0,0.2386
CytB,Melitaea_cinxia|HM243592.1|CytB,Melitaea_cinxia,1119,0.0,0.2458
CytB,Lycaena_phlaeas|NC_023087.1|CytB,Lycaena_phlaeas,1119,0.0,0.2261
CytB,Plebejus_argus|MN974526.1|CytB,Plebejus_argus,1119,0.0,0.2216
CytB,Curetis_bulis|NC_023088.1|CytB,Curetis_bulis,1119,0.0,0.2306
CytB,Ampittia_dioscorides|KM102732.1|CytB,Ampittia_dioscorides,1119,0.0,0.2449
CytB,Ochlodes_venata|NC_018048.1|CytB,Ochlodes_venata,1119,0.0,0.2386
CytB,Parnara_guttata|NC_029136.1|CytB,Parnara_guttata,1119,0.0,0.2458
CytB,Heteropterus_morpheus|NC_028506.1|CytB,Heteropterus_morpheus,1119,0.0,0.2377
CytB,Pyrgus_malvae|BK013352.1|CytB,Pyrgus_malvae,1119,0.0,0.2324
CytB,Celaenorrhinus_maculosus|OR024663.1|CytB,Celaenorrhinus_maculosus,1119,0.0,0.244
CytB,Ctenoptilum_vasava|NC_016704.1|CytB,Ctenoptilum_vasava,1119,0.0,0.2431
CytB,Notocrypta_curvifascia|NC_042216.1|CytB,Notocrypta_curvifascia,1119,0.0,0.2431
ND5,Papilio_machaon|LS975121.1|ND5,Papilio_machaon,1714,0.0,0.1809
ND5,Papilio_xuthus|NC_029244.1|ND5,Papilio_xuthus,1714,0.0,0.1768
ND5,Papilio_glaucus|NC_027252.1|ND5,Papilio_glaucus,1714,0.0,0.1762
ND5,Papilio_polytes|MZ188895.1|ND5,Papilio_polytes,1714,0.0,0.1768
ND5,Papilio_bianor|MZ044412.1|ND5,Papilio_bianor,1714,0.0,0.1803
ND5,Pieris_rapae|OR067857.1|ND5,Pieris_rapae,1714,0.0,0.1966
ND5,Pieris_napi|NC_061692.1|ND5,Pieris_napi,1714,0.0,0.1984
ND5,Gonepteryx_rhamni|NC_026046.1|ND5,Gonepteryx_rhamni,1714,0.0,0.1873
ND5,Aporia_crataegi|MN371463.1|ND5,Aporia_crataegi,1714,0.0,0.1814
ND5,Eurema_hecabe|MZ202551.1|ND5,Eurema_hecabe,1714,0.0,0.182
ND5,Danaus_plexippus|NC_021452.1|ND5,Danaus_plexippus,1714,0.0,0.175
ND5,Vanessa_indica|NC_038157.1|ND5,Vanessa_indica,1714,0.0,0.1826
ND5,Vanessa_cardui|PQ540662.1|ND5,Vanessa_cardui,1714,0.0,0.1733
ND5,Junonia_almana|MZ196212.1|ND5,Junonia_almana,1714,0.0,0.1797
ND5,Melitaea_cinxia|NC_018029.1|ND5,Melitaea_cinxia,1714,0.0,0.1844
ND5,Lycaena_phlaeas|MZ159973.1|ND5,Lycaena_phlaeas,1714,0.0,0.1593
ND5,Plebejus_argus|MN974526.1|ND5,Plebejus_argus,1714,0.0,0.1628
ND5,Curetis_bulis|NC_023088.1|ND5,Curetis_bulis,1714,0.0,0.1721
ND5,Ampittia_dioscorides|KM102732.1|ND5,Ampittia_dioscorides,1714,0.0,0.1721
ND5,Ochlodes_venata|NC_018048.1|ND5,Ochlodes_venata,1714,0.0,0.1686
ND5,Parnara_guttata|NC_029136.1|ND5,Parnara_guttata,1714,0.0,0.1774
ND5,Heteropterus_morpheus|NC_028506.1|ND5,Heteropterus_morpheus,1714,0.0,0.1704
ND5,Pyrgus_malvae|BK013352.1|ND5,Pyrgus_malvae,1714,0.0,0.1692
ND5,Celaenorrhinus_maculosus|NC_022853.1|ND5,Celaenorrhinus_maculosus,1714,0.0,0.1814
ND5,Ctenoptilum_vasava|NC_016704.1|ND5,Ctenoptilum_vasava,1714,0.0,0.1756
ND5,Notocrypta_curvifascia|NC_042216.1|ND5,Notocrypta_curvifascia,1714,0.0,0.1873
EF1a,Papilio_machaon|XM_014513281.2|EF1a,Papilio_machaon,354,0.0,0.5254
EF1a,Papilio_xuthus|XM_013311015.1|EF1a,Papilio_xuthus,354,0.0,0.404
EF1a,Papilio_glaucus|EU136675.1|EF1a,Papilio_glaucus,354,0.0,0.5113
EF1a,Papilio_polytes|NM_001311419.1|EF1a,Papilio_polytes,354,0.0,0.5028
EF1a,Papilio_bianor|JQ982368.1|EF1a,Papilio_bianor,354,0.0,0.5085
EF1a,Pieris_rapae|XM_022262780.2|EF1a,Pieris_rapae,354,0.0,0.4605
EF1a,Pieris_napi|XM_047664672.1|EF1a,Pieris_napi,354,0.0,0.4718
EF1a,Gonepteryx_rhamni|AY870568.1|EF1a,Gonepteryx_rhamni,354,0.0,0.5254
EF1a,Aporia_crataegi|AY870529.1|EF1a,Aporia_crataegi,354,0.0,0.4802
EF1a,Eurema_hecabe|GU372650.1|EF1a,Eurema_hecabe,354,0.0,0.4972
EF1a,Danaus_plexippus|XM_032672127.2|EF1a,Danaus_plexippus,354,0.0,0.5056
EF1a,Vanessa_indica|GU372606.1|EF1a,Vanessa_indica,354,0.0,0.4915
EF1a,Vanessa_cardui|XM_047112044.2|EF1a,Vanessa_cardui,354,0.0,0.4068
EF1a,Junonia_almana|EU053323.1|EF1a,Junonia_almana,354,0.0,0.5424
EF1a,Melitaea_cinxia|XM_045593356.1|EF1a,Melitaea_cinxia,354,0.0,0.5028
EF1a,Lycaena_phlaeas|GU372656.1|EF1a,Lycaena_phlaeas,354,0.0,0.5226
EF1a,Plebejus_argus|AY496828.1|EF1a,Plebejus_argus,354,0.0,0.5876
EF1a,Curetis_bulis|DQ018909.1|EF1a,Curetis_bulis,354,0.0,0.5395
EF1a,Ampittia_dioscorides|OK736200.1|EF1a,Ampittia_dioscorides,354,0.0,0.5367
EF1a,Ochlodes_venata|PP668622.1|EF1a,Ochlodes_venata,354,0.0,0.5565
EF1a,Parnara_guttata|MN174342.1|EF1a,Parnara_guttata,354,0.0,0.4831
EF1a,Heteropterus_morpheus|KY014365.1|EF1a,Heteropterus_morpheus,354,0.0,0.5198
EF1a,Pyrgus_malvae|GU828922.1|EF1a,Pyrgus_malvae,354,0.0,0.4887
EF1a,Celaenorrhinus_maculosus|PP668572.1|EF1a,Celaenorrhinus_maculosus,354,0.0,0.4859
EF1a,Ctenoptilum_vasava|PP668581.1|EF1a,Ctenoptilum_vasava,354,0.0,0.5311
EF1a,Notocrypta_curvifascia|PP668619.1|EF1a,Notocrypta_curvifascia,354,0.0,0.5226
wingless,Papilio_machaon|XM_014507234.2|wingless,Papilio_machaon,338,0.0,0.5562
wingless,Papilio_xuthus|XM_013311855.1|wingless,Papilio_xuthus,338,0.0,0.5059
wingless,Papilio_glaucus|GQ268406.1|wingless,Papilio_glaucus,338,0.0,0.5881
wingless,Papilio_polytes|XM_013278295.1|wingless,Papilio_polytes,338,0.0,0.5769
wingless,Papilio_bianor|KM491535.1|wingless,Papilio_bianor,338,0.0,0.5562
wingless,Pieris_rapae|XM_022260752.2|wingless,Pieris_rapae,338,0.0,0.571
wingless,Pieris_napi|XM_047651304.1|wingless,Pieris_napi,338,0.0,0.5799
wingless,Gonepteryx_rhamni|MN696484.1|wingless,Gonepteryx_rhamni,338,0.0,0.5917
wingless,Aporia_crataegi|DQ082806.1|wingless,Aporia_crataegi,338,0.0,0.5385
wingless,Eurema_hecabe|DQ018876.1|wingless,Eurema_hecabe,338,0.0,0.6361
wingless,Danaus_plexippus|XM_032674365.2|wingless,Danaus_plexippus,338,0.0,0.5178
wingless,Vanessa_indica|KJ649143.1|wingless,Vanessa_indica,338,0.0,0.5562
wingless,Vanessa_cardui|XM_082933840.1|wingless,Vanessa_cardui,338,0.0,0.4527
wingless,Junonia_almana|KX824747.1|wingless,Junonia_almana,338,0.0,0.5621
wingless,Melitaea_cinxia|XM_045602933.1|wingless,Melitaea_cinxia,338,0.0,0.5266
wingless,Lycaena_phlaeas|OP622835.1|wingless,Lycaena_phlaeas,338,0.0,0.5976
wingless,Plebejus_argus|GQ128889.1|wingless,Plebejus_argus,338,0.0,0.7012
wingless,Curetis_bulis|JQ786749.1|wingless,Curetis_bulis,338,0.0,0.5385
wingless,Ampittia_dioscorides|KM491536.1|wingless,Ampittia_dioscorides,338,0.0,0.5917
wingless,Ochlodes_venata|PP668333.1|wingless,Ochlodes_venata,338,0.0,0.6361
wingless,Parnara_guttata|MN174654.1|wingless,Parnara_guttata,338,0.0,0.6154
wingless,Heteropterus_morpheus|MZ165704.1|wingless,Heteropterus_morpheus,338,0.0,0.6272
wingless,Pyrgus_malvae|GU829483.1|wingless,Pyrgus_malvae,338,0.0,0.6202
wingless,Celaenorrhinus_maculosus|PP668279.1|wingless,Celaenorrhinus_maculosus,338,0.0,0.5888
wingless,Ctenoptilum_vasava|PP668289.1|wingless,Ctenoptilum_vasava,338,0.0,0.6302
wingless,Notocrypta_curvifascia|PP668330.1|wingless,Notocrypta_curvifascia,338,0.0,0.5769
