gene,missing_species
COI,Ampittia_dioscorides
COI,Curetis_bulis
COI,Danaus_plexippus
COI,Delias_pasithoe
COI,Eurema_hecabe
COI,Gonepteryx_rhamni
COI,Junonia_almana
COI,Lycaena_phlaeas
COI,Melitaea_cinxia
COI,Papilio_bianor
COI,Papilio_glaucus
COI,Papilio_machaon
COI,Papilio_polytes
COI,Papilio_xuthus
COI,Pieris_napi
COI,Pieris_rapae
COI,Vanessa_cardui
COI,Vanessa_indica
COII,Ampittia_dioscorides
COII,Danaus_plexippus
COII,Junonia_almana
COII,Melitaea_cinxia
COII,Papilio_machaon
COII,Pieris_napi
COII,Vanessa_indica
CytB,Ampittia_dioscorides
CytB,Arhopala_japonica
CytB,Pieris_napi
ND5,Arhopala_japonica
ND5,Delias_pasithoe
ND5,Eurema_hecabe
ND5,Papilio_bianor
ND5,Papilio_machaon
ND5,Papilio_xuthus
ND5,Pieris_napi
ND5,Vanessa_indica
