,Ampittia_dioscorides,Aporia_crataegi,Celaenorrhinus_maculosus,Ctenoptilum_vasava,Curetis_bulis,Danaus_plexippus,Eurema_hecabe,Gonepteryx_rhamni,Heteropterus_morpheus,Junonia_almana,Lycaena_phlaeas,Melitaea_cinxia,Notocrypta_curvifascia,Ochlodes_venata,Papilio_bianor,Papilio_glaucus,Papilio_machaon,Papilio_polytes,Papilio_xuthus,Parnara_guttata,Pieris_napi,Pieris_rapae,Plebejus_argus,Pyrgus_malvae,Vanessa_cardui,Vanessa_indica
Ampittia_dioscorides,0.0,0.14970801628030436,0.1366129888515307,0.1394443461334277,0.15607857016457263,0.15076977526101576,0.15342417271279418,0.1610334454078924,0.12263316227216423,0.14599185984781454,0.14316050256591753,0.15501681118386126,0.13678994868164926,0.13962130596354627,0.15767120863563971,0.14652273933817023,0.14776145814900019,0.14935409662006724,0.2339408954167404,0.12882675632631393,0.16740399929216068,0.16881967793310917,0.15607857016457263,0.12316404176251991,0.18085294638117147,0.14634577950805167
Aporia_crataegi,0.14970801628030436,0.0,0.16191824455848522,0.15979472659706245,0.16032560608741817,0.15837904795611396,0.13696690851176782,0.12882675632631393,0.15430897186338702,0.15837904795611396,0.15519377101397983,0.1615643248982481,0.16881967793310917,0.1590868872765882,0.16474960184038223,0.15501681118386126,0.1557246505043355,0.1548398513537427,0.23836489116970447,0.15377809237303133,0.12617235887453548,0.1290037161564325,0.16298000353919662,0.1528932932224385,0.19147053618828527,0.15784816846575828
Celaenorrhinus_maculosus,0.1366129888515307,0.16191824455848522,0.0,0.13289683241904088,0.16174128472836666,0.16209520438860378,0.1643956821801451,0.15714032914528403,0.13625906919129357,0.1495310564501858,0.15271633339231994,0.1567864094850469,0.1481153778092373,0.1562555299946912,0.16404176251990799,0.15519377101397983,0.15837904795611396,0.16085648557777385,0.23942665015041587,0.13802866749247922,0.16705007963192356,0.16740399929216068,0.1693505574234649,0.13095027428773667,0.1884622190762697,0.15218545390196425
Ctenoptilum_vasava,0.1394443461334277,0.15979472659706245,0.13289683241904088,0.0,0.1601486462572996,0.1567864094850469,0.15767120863563971,0.1520084940718457,0.1318350734383295,0.1461688196779331,0.15253937356220137,0.1596177667669439,0.14386834188639178,0.15076977526101576,0.15944080693682533,0.15147761458149,0.14935409662006724,0.15377809237303133,0.2381879313395859,0.14262962307556185,0.1702353565740577,0.16846575827287205,0.15926384710670677,0.12528755972394268,0.19023181737745531,0.14829233763935587
Curetis_bulis,0.15607857016457263,0.16032560608741817,0.16174128472836666,0.1601486462572996,0.0,0.15837904795611396,0.16085648557777385,0.1615643248982481,0.1557246505043355,0.14652273933817023,0.12599539904441692,0.15890992744646965,0.16881967793310917,0.15696336931516547,0.16262608387895947,0.15307025305255706,0.15218545390196425,0.15554769067421695,0.23234825694567332,0.15802512829587684,0.16899663776322774,0.16846575827287205,0.14139090426473191,0.15006193594054149,0.1744823924969032,0.14970801628030436
Danaus_plexippus,0.15076977526101576,0.15837904795611396,0.16209520438860378,0.1567864094850469,0.15837904795611396,0.0,0.15749424880552115,0.16138736506812953,0.15023889577066005,0.14351442222615465,0.14793841797911875,0.15643248982480976,0.1615643248982481,0.1643956821801451,0.16174128472836666,0.15696336931516547,0.15784816846575828,0.1582020881259954,0.2434967262431428,0.15253937356220137,0.1686427181029906,0.1677579189523978,0.16032560608741817,0.14687665899840735,0.1812068660414086,0.14652273933817023
Eurema_hecabe,0.15342417271279418,0.13696690851176782,0.1643956821801451,0.15767120863563971,0.16085648557777385,0.15749424880552115,0.0,0.11856308617943727,0.1557246505043355,0.15324721288267562,0.15767120863563971,0.16528048133073792,0.16474960184038223,0.16988143691382057,0.1649265616705008,0.1557246505043355,0.15413201203326846,0.15183153424172713,0.24473544505397274,0.15926384710670677,0.14493010086710317,0.1452840205273403,0.16298000353919662,0.1520084940718457,0.19377101397982657,0.15607857016457263
Gonepteryx_rhamni,0.1610334454078924,0.12882675632631393,0.15714032914528403,0.1520084940718457,0.1615643248982481,0.16138736506812953,0.11856308617943727,0.0,0.15837904795611396,0.14970801628030436,0.15519377101397983,0.15979472659706245,0.16474960184038223,0.16262608387895947,0.16386480268978942,0.15590161033445407,0.15643248982480976,0.15643248982480976,0.24562024420456557,0.15218545390196425,0.12210228278180853,0.13289683241904088,0.16315696336931518,0.14935409662006724,0.1951866926207751,0.15590161033445407
Heteropterus_morpheus,0.12263316227216423,0.15430897186338702,0.13625906919129357,0.1318350734383295,0.1557246505043355,0.15023889577066005,0.1557246505043355,0.15837904795611396,0.0,0.14563794018757742,0.13962130596354627,0.1553707308440984,0.13643602902141214,0.14351442222615465,0.15076977526101576,0.1443992213767475,0.15094673509113432,0.14793841797911875,0.23252521677579188,0.1307733144576181,0.16386480268978942,0.16474960184038223,0.15253937356220137,0.12404884091311272,0.18156078570164572,0.14227570341532472
Junonia_almana,0.14599185984781454,0.15837904795611396,0.1495310564501858,0.1461688196779331,0.14652273933817023,0.14351442222615465,0.15324721288267562,0.14970801628030436,0.14563794018757742,0.0,0.1433374623960361,0.11343125110599894,0.15501681118386126,0.14882321712971155,0.1376747478322421,0.14351442222615465,0.14687665899840735,0.14050610511413908,0.22279242611927091,0.14404530171651037,0.16616528048133075,0.16669615997168644,0.15076977526101576,0.14174482392496904,0.14776145814900019,0.10245974163864803
Lycaena_phlaeas,0.14316050256591753,0.15519377101397983,0.15271633339231994,0.15253937356220137,0.12599539904441692,0.14793841797911875,0.15767120863563971,0.15519377101397983,0.13962130596354627,0.1433374623960361,0.0,0.15183153424172713,0.16138736506812953,0.13979826579366483,0.15218545390196425,0.1433374623960361,0.14546098035745886,0.14245266324544328,0.22757034153247213,0.15253937356220137,0.16280304370907803,0.16474960184038223,0.12157140329145284,0.14032914528402052,0.1702353565740577,0.14404530171651037
Melitaea_cinxia,0.15501681118386126,0.1615643248982481,0.1567864094850469,0.1596177667669439,0.15890992744646965,0.15643248982480976,0.16528048133073792,0.15979472659706245,0.1553707308440984,0.11343125110599894,0.15183153424172713,0.0,0.16722703946204212,0.1567864094850469,0.15837904795611396,0.15837904795611396,0.16032560608741817,0.15466289152362414,0.2364183330384003,0.1548398513537427,0.17324367368607327,0.17465935232702176,0.16474960184038223,0.15307025305255706,0.1663422403114493,0.1236949212528756
Notocrypta_curvifascia,0.13678994868164926,0.16881967793310917,0.1481153778092373,0.14386834188639178,0.16881967793310917,0.1615643248982481,0.16474960184038223,0.16474960184038223,0.13643602902141214,0.15501681118386126,0.16138736506812953,0.16722703946204212,0.0,0.14776145814900019,0.16722703946204212,0.15554769067421695,0.16121040523801097,0.15714032914528403,0.24084232879136436,0.1265262785347726,0.17501327198725888,0.1764289506282074,0.16952751725358345,0.13802866749247922,0.19536365245089365,0.15660944965492832
Ochlodes_venata,0.13962130596354627,0.1590868872765882,0.1562555299946912,0.15076977526101576,0.15696336931516547,0.1643956821801451,0.16988143691382057,0.16262608387895947,0.14351442222615465,0.14882321712971155,0.13979826579366483,0.1567864094850469,0.14776145814900019,0.0,0.166873119801805,0.15183153424172713,0.1573172889754026,0.15165457441160857,0.23995752964077155,0.1323659529286852,0.17271279419571758,0.17235887453548043,0.1155547690674217,0.1410369846044948,0.190762696867811,0.15554769067421695
Papilio_bianor,0.15767120863563971,0.16474960184038223,0.16404176251990799,0.15944080693682533,0.16262608387895947,0.16174128472836666,0.1649265616705008,0.16386480268978942,0.15076977526101576,0.1376747478322421,0.15218545390196425,0.15837904795611396,0.16722703946204212,0.166873119801805,0.0,0.12634931870465405,0.11909396566979295,0.1155547690674217,0.22792426119270925,0.15944080693682533,0.17749070960891877,0.17943726774022298,0.169704477083702,0.14793841797911875,0.18333038400283136,0.1505928154308972
Papilio_glaucus,0.14652273933817023,0.15501681118386126,0.15519377101397983,0.15147761458149,0.15307025305255706,0.15696336931516547,0.1557246505043355,0.15590161033445407,0.1443992213767475,0.14351442222615465,0.1433374623960361,0.15837904795611396,0.15554769067421695,0.15183153424172713,0.12634931870465405,0.0,0.09361175013271987,0.09555830826402406,0.19819500973279067,0.14386834188639178,0.1658113608210936,0.16598832065121216,0.1582020881259954,0.13873650681295346,0.18209166519200143,0.14581490001769598
Papilio_machaon,0.14776145814900019,0.1557246505043355,0.15837904795611396,0.14935409662006724,0.15218545390196425,0.15784816846575828,0.15413201203326846,0.15643248982480976,0.15094673509113432,0.14687665899840735,0.14546098035745886,0.16032560608741817,0.16121040523801097,0.1573172889754026,0.11909396566979295,0.09361175013271987,0.0,0.08989559370023005,0.19235533533887808,0.15183153424172713,0.17041231640417626,0.1693505574234649,0.16032560608741817,0.1447531410369846,0.1845691028136613,0.14917713678994868
Papilio_polytes,0.14935409662006724,0.1548398513537427,0.16085648557777385,0.15377809237303133,0.15554769067421695,0.1582020881259954,0.15183153424172713,0.15643248982480976,0.14793841797911875,0.14050610511413908,0.14245266324544328,0.15466289152362414,0.15714032914528403,0.15165457441160857,0.1155547690674217,0.09555830826402406,0.08989559370023005,0.0,0.19447885330030082,0.1461688196779331,0.1691735975933463,0.17430543266678464,0.16121040523801097,0.1399752256237834,0.18173774553176428,0.14776145814900019
Papilio_xuthus,0.2339408954167404,0.23836489116970447,0.23942665015041587,0.2381879313395859,0.23234825694567332,0.2434967262431428,0.24473544505397274,0.24562024420456557,0.23252521677579188,0.22279242611927091,0.22757034153247213,0.2364183330384003,0.24084232879136436,0.23995752964077155,0.22792426119270925,0.19819500973279067,0.19235533533887808,0.19447885330030082,0.0,0.23022473898425058,0.24915944080693683,0.2526986374093081,0.2392496903202973,0.2263316227216422,0.19253229516899664,0.22792426119270925
Parnara_guttata,0.12882675632631393,0.15377809237303133,0.13802866749247922,0.14262962307556185,0.15802512829587684,0.15253937356220137,0.15926384710670677,0.15218545390196425,0.1307733144576181,0.14404530171651037,0.15253937356220137,0.1548398513537427,0.1265262785347726,0.1323659529286852,0.15944080693682533,0.14386834188639178,0.15183153424172713,0.1461688196779331,0.23022473898425058,0.0,0.16280304370907803,0.16598832065121216,0.16050256591753673,0.12776499734560254,0.1865156609449655,0.14900017695983012
Pieris_napi,0.16740399929216068,0.12617235887453548,0.16705007963192356,0.1702353565740577,0.16899663776322774,0.1686427181029906,0.14493010086710317,0.12210228278180853,0.16386480268978942,0.16616528048133075,0.16280304370907803,0.17324367368607327,0.17501327198725888,0.17271279419571758,0.17749070960891877,0.1658113608210936,0.17041231640417626,0.1691735975933463,0.24915944080693683,0.16280304370907803,0.0,0.07131481153778092,0.1744823924969032,0.15944080693682533,0.2019111661652805,0.1649265616705008
Pieris_rapae,0.16881967793310917,0.1290037161564325,0.16740399929216068,0.16846575827287205,0.16846575827287205,0.1677579189523978,0.1452840205273403,0.13289683241904088,0.16474960184038223,0.16669615997168644,0.16474960184038223,0.17465935232702176,0.1764289506282074,0.17235887453548043,0.17943726774022298,0.16598832065121216,0.1693505574234649,0.17430543266678464,0.2526986374093081,0.16598832065121216,0.07131481153778092,0.0,0.17324367368607327,0.16386480268978942,0.1994337285436206,0.166873119801805
Plebejus_argus,0.15607857016457263,0.16298000353919662,0.1693505574234649,0.15926384710670677,0.14139090426473191,0.16032560608741817,0.16298000353919662,0.16315696336931518,0.15253937356220137,0.15076977526101576,0.12157140329145284,0.16474960184038223,0.16952751725358345,0.1155547690674217,0.169704477083702,0.1582020881259954,0.16032560608741817,0.16121040523801097,0.2392496903202973,0.16050256591753673,0.1744823924969032,0.17324367368607327,0.0,0.15324721288267562,0.19288621482923377,0.1539550522031499
Pyrgus_malvae,0.12316404176251991,0.1528932932224385,0.13095027428773667,0.12528755972394268,0.15006193594054149,0.14687665899840735,0.1520084940718457,0.14935409662006724,0.12404884091311272,0.14174482392496904,0.14032914528402052,0.15307025305255706,0.13802866749247922,0.1410369846044948,0.14793841797911875,0.13873650681295346,0.1447531410369846,0.1399752256237834,0.2263316227216422,0.12776499734560254,0.15944080693682533,0.16386480268978942,0.15324721288267562,0.0,0.17766766943903733,0.14068306494425764
Vanessa_cardui,0.18085294638117147,0.19147053618828527,0.1884622190762697,0.19023181737745531,0.1744823924969032,0.1812068660414086,0.19377101397982657,0.1951866926207751,0.18156078570164572,0.14776145814900019,0.1702353565740577,0.1663422403114493,0.19536365245089365,0.190762696867811,0.18333038400283136,0.18209166519200143,0.1845691028136613,0.18173774553176428,0.19253229516899664,0.1865156609449655,0.2019111661652805,0.1994337285436206,0.19288621482923377,0.17766766943903733,0.0,0.11927092549991151
Vanessa_indica,0.14634577950805167,0.15784816846575828,0.15218545390196425,0.14829233763935587,0.14970801628030436,0.14652273933817023,0.15607857016457263,0.15590161033445407,0.14227570341532472,0.10245974163864803,0.14404530171651037,0.1236949212528756,0.15660944965492832,0.15554769067421695,0.1505928154308972,0.14581490001769598,0.14917713678994868,0.14776145814900019,0.22792426119270925,0.14900017695983012,0.1649265616705008,0.166873119801805,0.1539550522031499,0.14068306494425764,0.11927092549991151,0.0
