,Ampittia_dioscorides,Arhopala_japonica,Curetis_bulis,Danaus_plexippus,Danaus_plexippus_megalippe,Delias_pasithoe,Eurema_hecabe,Gonepteryx_rhamni,Junonia_almana,Lerema_accius,Lycaena_phlaeas,Melitaea_cinxia,Papilio_bianor,Papilio_glaucus,Papilio_machaon,Papilio_machaon_annae,Papilio_polytes,Papilio_xuthus,Pieris_napi_napi,Pieris_rapae,Vanessa_cardui,Vanessa_indica
Ampittia_dioscorides,-0.0,-0.0,0.17587121945937345,0.1969464285165345,-0.0,-0.0,-0.0,0.21245473406755322,0.17548467799161674,0.1536154586808589,0.1694511245878897,0.18466682478553448,-0.0,0.16383916986117275,-0.0,-0.0,0.1608453215555617,-0.0,-0.0,0.231032246325522,0.17402695158518855,-0.0
Arhopala_japonica,-0.0,-0.0,0.12426487221706689,-0.0,0.16490698894121814,0.19584509527462718,0.18532259425252695,0.16477336361144113,-0.0,0.1515330503394856,0.09969660109828368,-0.0,0.1726331834786923,0.17503675357619763,-0.0,0.16395962914175316,0.16395962914175316,0.1694777410972259,-0.0,0.17357344562152754,0.17761114043413198,-0.0
Curetis_bulis,0.17587121945937345,0.12426487221706689,-0.0,0.18841082121061706,0.1642240245850068,0.2228506350908735,0.17618447366692866,0.1942294263561013,0.15749453144931336,0.17974417852035277,0.12973929017674604,0.1760808637608461,0.18238127831144205,0.16410183326377267,0.16492367403564537,0.1435461397497221,0.1657383753431374,0.15615944620938532,0.20578097652645289,0.19363832136851605,0.15243350371454162,0.17605147460849602
Danaus_plexippus,0.1969464285165345,-0.0,0.18841082121061706,-0.0,-0.0,0.25820812144434363,0.20530012745050086,0.21883283543201748,0.1807767199309543,0.19715471007009838,0.18136199205056946,0.19102338955838205,0.2124240234369083,0.19699153260734925,0.19978972772967618,-0.0,0.19699153260734925,0.198651639499151,0.2257641362812905,0.22072092516534253,0.1720800665411717,0.1790342506116222
Danaus_plexippus_megalippe,-0.0,0.16490698894121814,0.1642240245850068,-0.0,-0.0,0.18978171786138226,0.15555524683141783,0.13719447676611093,-0.0,0.12817994516677297,0.14089901290917392,-0.0,0.148332629990525,0.1536988102400106,-0.0,0.13538288168240825,0.14083084752607705,0.13901045828286862,-0.0,0.17012462706675419,0.13993946668530916,-0.0
Delias_pasithoe,-0.0,0.19584509527462718,0.2228506350908735,0.25820812144434363,0.18978171786138226,-0.0,0.18966414038471047,0.176339806770694,0.22504575106602365,0.23411208303641778,0.20957942866505183,0.2417064917054418,0.21070697064178065,0.2248726547905714,0.23048298786868635,0.16374453809868467,0.2051346735525413,0.21352008397477756,0.21345030443577956,0.17864568005682688,0.22208274403134254,0.26849892815193055
Eurema_hecabe,-0.0,0.18532259425252695,0.17618447366692866,0.20530012745050086,0.15555524683141783,0.18966414038471047,-0.0,0.1244183834475932,0.19677319835061824,0.1794889848637062,0.16891119007444666,0.18773694446348735,0.17353516003506658,0.17681606655994542,0.18067325056698774,0.14477217829982014,0.16646631630390382,0.1603243347534987,0.10762748408955673,0.1343747018052115,0.18246362729994983,0.19279510111484333
Gonepteryx_rhamni,0.21245473406755322,0.16477336361144113,0.1942294263561013,0.21883283543201748,0.13719447676611093,0.176339806770694,0.1244183834475932,-0.0,0.2027776988641059,0.20201883665203516,0.1861066098450162,0.21492261189730597,0.17212670891691642,0.19133546085552705,0.1828971217293639,0.13231637600007468,0.18246362729994983,0.16100429853534126,0.17277166490205925,0.15979577035316717,0.19105872253327144,0.20301092307881718
Junonia_almana,0.17548467799161674,-0.0,0.15749453144931336,0.1807767199309543,-0.0,0.22504575106602365,0.19677319835061824,0.2027776988641059,-0.0,0.18056373373397888,0.1619246608965857,0.1260329814181498,0.1575592636274936,0.1618784253394095,0.1618742701362767,-0.0,0.15626688836987274,0.1569408293651569,0.20186893580069928,0.21576155433883568,0.10336836724740683,0.1405432909379853
Lerema_accius,0.1536154586808589,0.1515330503394856,0.17974417852035277,0.19715471007009838,0.12817994516677297,0.23411208303641778,0.1794889848637062,0.20201883665203516,0.18056373373397888,-0.0,0.17704492139088118,0.20274766007928768,0.16969939477270593,0.16347360226775753,0.18569356184246966,0.1440669621136427,0.15878013972134086,0.1668441406994193,0.211146155158052,0.21262526389133043,0.17469399777834793,0.17411544790637276
Lycaena_phlaeas,0.1694511245878897,0.09969660109828368,0.12973929017674604,0.18136199205056946,0.14089901290917392,0.20957942866505183,0.16891119007444666,0.1861066098450162,0.1619246608965857,0.17704492139088118,-0.0,0.1765280834128275,0.1636691608140791,0.160453044891585,0.17184312649417482,0.14054828236936145,0.15908676062936247,0.15699534666897322,0.18736474476875756,0.19663002759519632,0.15061404576836435,0.17734975916098508
Melitaea_cinxia,0.18466682478553448,-0.0,0.1760808637608461,0.19102338955838205,-0.0,0.2417064917054418,0.18773694446348735,0.21492261189730597,0.1260329814181498,0.20274766007928768,0.1765280834128275,-0.0,0.19166855189815157,0.18327022300140533,0.18494456214646177,-0.0,0.18141871873247817,0.17328134500383738,0.20301092307881718,0.22579818266997947,0.1338810497247395,0.15863569007707198
Papilio_bianor,-0.0,0.1726331834786923,0.18238127831144205,0.2124240234369083,0.148332629990525,0.21070697064178065,0.17353516003506658,0.17212670891691642,0.1575592636274936,0.16969939477270593,0.1636691608140791,0.19166855189815157,-0.0,0.11938502117419522,0.11957617507346105,0.08355603771575475,0.09812071023104463,0.09638913810073373,0.21293832818765732,0.20040265583118022,0.17240333364544982,0.19919223893443216
Papilio_glaucus,0.16383916986117275,0.17503675357619763,0.16410183326377267,0.19699153260734925,0.1536988102400106,0.2248726547905714,0.17681606655994542,0.19133546085552705,0.1618784253394095,0.16347360226775753,0.160453044891585,0.18327022300140533,0.11938502117419522,-0.0,0.12881970186917657,0.09026423687736743,0.10117540404973298,0.11570418973804131,0.2234157977678074,0.20435287031507432,0.15959443002963503,0.18904552272919245
Papilio_machaon,-0.0,-0.0,0.16492367403564537,0.19978972772967618,-0.0,0.23048298786868635,0.18067325056698774,0.1828971217293639,0.1618742701362767,0.18569356184246966,0.17184312649417482,0.18494456214646177,0.11957617507346105,0.12881970186917657,-0.0,-0.0,0.11550422750750008,0.11685021358605877,0.19919223893443216,0.2048891899874937,0.17243354794034035,0.1845795623803259
Papilio_machaon_annae,-0.0,0.16395962914175316,0.1435461397497221,-0.0,0.13538288168240825,0.16374453809868467,0.14477217829982014,0.13231637600007468,-0.0,0.1440669621136427,0.14054828236936145,-0.0,0.08355603771575475,0.09026423687736743,-0.0,-0.0,0.08531916401749352,0.06746117749720465,-0.0,0.15370473403629525,0.1267441931800612,-0.0
Papilio_polytes,0.1608453215555617,0.16395962914175316,0.1657383753431374,0.19699153260734925,0.14083084752607705,0.2051346735525413,0.16646631630390382,0.18246362729994983,0.15626688836987274,0.15878013972134086,0.15908676062936247,0.18141871873247817,0.09812071023104463,0.10117540404973298,0.11550422750750008,0.08531916401749352,-0.0,0.10106485490613375,0.21641458006576858,0.20791502987250143,0.15254219189142315,0.17682755538232933
Papilio_xuthus,-0.0,0.1694777410972259,0.15615944620938532,0.198651639499151,0.13901045828286862,0.21352008397477756,0.1603243347534987,0.16100429853534126,0.1569408293651569,0.1668441406994193,0.15699534666897322,0.17328134500383738,0.09638913810073373,0.11570418973804131,0.11685021358605877,0.06746117749720465,0.10106485490613375,-0.0,0.19185914024080317,0.18174420278435469,0.14868681261754196,0.17734975916098508
Pieris_napi_napi,-0.0,-0.0,0.20578097652645289,0.2257641362812905,-0.0,0.21345030443577956,0.10762748408955673,0.17277166490205925,0.20186893580069928,0.211146155158052,0.18736474476875756,0.20301092307881718,0.21293832818765732,0.2234157977678074,0.19919223893443216,-0.0,0.21641458006576858,0.19185914024080317,-0.0,0.09323605313969896,0.20541656273958375,0.20999672964571836
Pieris_rapae,0.231032246325522,0.17357344562152754,0.19363832136851605,0.22072092516534253,0.17012462706675419,0.17864568005682688,0.1343747018052115,0.15979577035316717,0.21576155433883568,0.21262526389133043,0.19663002759519632,0.22579818266997947,0.20040265583118022,0.20435287031507432,0.2048891899874937,0.15370473403629525,0.20791502987250143,0.18174420278435469,0.09323605313969896,-0.0,0.19941733884247637,0.21924183900621233
Vanessa_cardui,0.17402695158518855,0.17761114043413198,0.15243350371454162,0.1720800665411717,0.13993946668530916,0.22208274403134254,0.18246362729994983,0.19105872253327144,0.10336836724740683,0.17469399777834793,0.15061404576836435,0.1338810497247395,0.17240333364544982,0.15959443002963503,0.17243354794034035,0.1267441931800612,0.15254219189142315,0.14868681261754196,0.20541656273958375,0.19941733884247637,-0.0,0.10412733364066186
Vanessa_indica,-0.0,-0.0,0.17605147460849602,0.1790342506116222,-0.0,0.26849892815193055,0.19279510111484333,0.20301092307881718,0.1405432909379853,0.17411544790637276,0.17734975916098508,0.15863569007707198,0.19919223893443216,0.18904552272919245,0.1845795623803259,-0.0,0.17682755538232933,0.17734975916098508,0.20999672964571836,0.21924183900621233,0.10412733364066186,-0.0
